Date,Infected
0-07-01,1299
0-07-02,1463
0-07-03,1487
0-07-04,1652
0-07-05,1821
0-07-06,1863
0-07-07,2017
0-07-08,2222
0-07-09,2223
0-07-10,2568
0-07-11,2954
0-07-12,3013
0-07-13,3083
0-07-14,3327
0-07-15,4062
0-07-16,3884
0-07-17,4175
0-07-18,4749
0-07-19,5249
0-07-20,5115
0-07-21,5474
0-07-22,5664
0-07-23,6244
0-07-24,6716
0-07-25,7224
0-07-26,7944
0-07-27,8174
0-07-28,8479
0-07-29,9030
0-07-30,10113
0-07-31,10452
0-08-01,11445
0-08-02,12355
0-08-03,12605
0-08-04,13137
0-08-05,13638
0-08-06,14275
0-08-07,14481
0-08-08,15052
0-08-09,14868
0-08-10,15115
0-08-11,15108
0-08-12,15253
0-08-13,15207
0-08-14,17240
0-08-15,14519
0-08-16,14411
0-08-17,14014
0-08-18,13536
0-08-19,13794
0-08-20,13633
0-08-21,13510
0-08-22,13319
0-08-23,13151
0-08-24,12868
0-08-25,12577
0-08-26,12142
0-08-27,11870
0-08-28,11557
0-08-29,11199
0-08-30,10973
0-08-31,10760
0-09-01,10207
0-09-02,10184
0-09-03,10744
0-09-04,9421
0-09-05,9007
0-09-06,8822
0-09-07,8646
0-09-08,8390
0-09-09,8118
0-09-10,8011
0-09-11,7886
0-09-12,7831
0-09-13,7674
0-09-14,7558
0-09-15,8082
0-09-16,7406
0-09-17,7171
0-09-18,7093
0-09-19,7107
0-09-20,7030
0-09-21,6974
0-09-22,7040
0-09-23,6937
0-09-24,6884
0-09-25,6494
0-09-26,6479
0-09-27,6960
0-09-28,6428
0-09-29,6492
0-09-30,6494
0-10-01,6583
0-10-02,6477
0-10-03,7051
0-10-04,6297
0-10-05,6354
0-10-06,6410
0-10-07,6302
0-10-08,6388
0-10-09,6504
0-10-10,6538
0-10-11,6506
0-10-12,6469
0-10-13,6455
0-10-14,6472
0-10-15,6480
0-10-16,6498
0-10-17,6539
0-10-18,6965
0-10-19,6422
0-10-20,6349
0-10-21,6400
0-10-22,6415
0-10-23,6562
0-10-24,6751
0-10-25,6769
0-10-26,6751
0-10-27,6955
0-10-28,7028
0-10-29,7302
0-10-30,7510
0-10-31,9793
0-11-01,7917
0-11-02,7971
0-11-03,8382
0-11-04,8565
0-11-05,8782
0-11-06,9316
0-11-07,9921
0-11-08,10143
0-11-09,10673
0-11-10,10160
0-11-11,11859
0-11-12,12519
0-11-13,13299
0-11-14,14086
0-11-15,24783
0-11-16,14864
0-11-17,15574
0-11-18,16732
0-11-19,17865
0-11-20,18834
0-11-21,19958
0-11-22,20818
0-11-23,21262
0-11-24,21438
0-11-25,21183
0-11-26,22007
0-11-27,23041
0-11-28,23312
0-11-29,23723
0-11-30,19597
0-12-01,23563
0-12-02,24143
0-12-03,24679
0-12-04,25157
0-12-05,25354
0-12-06,25537
0-12-07,25388
0-12-08,25420
0-12-09,26587
0-12-10,27161
0-12-11,28006
0-12-12,28442
0-12-13,29028
0-12-14,28990
0-12-15,28808
0-12-16,29737
0-12-17,30158
0-12-18,30414
0-12-19,30914
0-12-20,31309
0-12-21,30884
0-12-22,31669
0-12-23,32107
0-12-24,33079
0-12-25,33922
0-12-26,35373
0-12-27,35872
0-12-28,36128
0-12-29,37429
0-12-30,38718
0-12-31,41224
1-01-01,41970
1-01-02,42262
1-01-03,43332
1-01-04,44426
1-01-05,46551
1-01-06,48818
1-01-07,52905
1-01-08,57404
1-01-09,61503
1-01-10,64372
1-01-11,66825
1-01-12,68903
1-01-13,70948
1-01-14,72884
1-01-15,75141
1-01-16,76650
1-01-17,77859
1-01-18,78392
1-01-19,78740
1-01-20,76899
1-01-21,74226
1-01-22,73136
1-01-23,71499
1-01-24,70394
1-01-25,73105
1-01-26,65864
1-01-27,63087
1-01-28,60866
1-01-29,58491
1-01-30,56375
1-01-31,58977
1-02-01,52154
1-02-02,49096
1-02-03,46851
1-02-04,44144
1-02-05,41263
1-02-06,39040
1-02-07,37266
1-02-08,35403
1-02-09,33291
1-02-10,31332
1-02-11,30027
1-02-12,28710
1-02-13,27462
1-02-14,26458
1-02-15,25148
1-02-16,23712
1-02-17,21626
1-02-18,20789
1-02-19,20022
1-02-20,19377
1-02-21,18738
1-02-22,18090
1-02-23,17580
1-02-24,16843
1-02-25,15977
1-02-26,15627
1-02-27,15370
1-02-28,15038
1-03-01,14390
1-03-02,13736
1-03-03,13698
1-03-04,14780
1-03-05,13164
1-03-06,12302
1-03-07,12996
1-03-08,13571
1-03-09,12689
1-03-10,12734
1-03-11,12871
1-03-12,12999
1-03-13,13217
1-03-14,13193
1-03-15,13868
1-03-16,13034
1-03-17,13342
1-03-18,13655
1-03-19,14062
1-03-20,14438
1-03-21,15525
1-03-22,14129
1-03-23,14508
1-03-24,15359
1-03-25,16004
1-03-26,16771
1-03-27,18819
1-03-28,20573
1-03-29,18344
1-03-30,19181
1-03-31,20618
1-04-01,21806
1-04-02,23203
1-04-03,24571
1-04-04,25548
1-04-05,25564
1-04-06,26257
1-04-07,28348
1-04-08,30146
1-04-09,31822
1-04-10,35501
1-04-11,33299
1-04-12,33197
1-04-13,33763
1-04-14,36959
1-04-15,38876
1-04-16,41157
1-04-17,43294
1-04-18,44973
1-04-19,44969
1-04-20,46865
1-04-21,49311
1-04-22,52079
1-04-23,53816
1-04-24,56022
1-04-25,57229
1-04-26,57354
1-04-27,58607
1-04-28,62352
1-04-29,63016
1-04-30,64174
1-05-01,65901
1-05-02,67731
1-05-03,68321
1-05-04,68701
1-05-05,68599
1-05-06,69294
1-05-07,71721
1-05-08,73635
1-05-09,76041
1-05-10,76675
1-05-11,78346
1-05-12,81334
1-05-13,82245
1-05-14,82919
1-05-15,83832
1-05-16,83776
1-05-17,82265
1-05-18,80074
1-05-19,79101
1-05-20,78467
1-05-21,77324
1-05-22,75311
1-05-23,73713
1-05-24,70586
1-05-25,69128
1-05-26,68543
1-05-27,67477
1-05-28,66573
1-05-29,62876
1-05-30,60850
1-05-31,58461
